Country Name,Country Code,Series Name,Series Code,Scale (Precision),2017Q1 +AFs-YR2017Q1+AF0-,2017Q2 +AFs-YR2017Q2+AF0-,2017Q3 +AFs-YR2017Q3+AF0-,2017Q4 +AFs-YR2017Q4+AF0-,2018Q1 +AFs-YR2018Q1+AF0-,,,,,,
Argentina,ARG,+ACI-Gross Ext. Debt Pos., All Sectors, All maturities, All instruments, Foreign currency, USD+ACI-,DT.DOD.DECT.CD.FC.US,Millions (0),180975,183687,194054,206160,220838,
Argentina,ARG,+ACI-Gross Ext. Debt Pos., All Sectors, Short+AC0-term, All instruments, Foreign currency, USD+ACI-,DT.DOD.DSTC.CD.FC.US,Millions (0),57768,60426,62978,67514,70896,
Argentina,ARG,+ACI-Gross Ext. Debt Pos., All Sectors, Long+AC0-term, All instruments, Foreign currency, USD+ACI-,DT.DOD.DLXF.CD.FC.US,Millions (0),123207,123261,131075,138647,149941,
Argentina,ARG,+ACI-Gross Ext. Debt Pos., All Sectors, All maturities, All instruments, Domestic currency, USD+ACI-,DT.DOD.DECT.CD.DC.US,Millions (0),17893,21228,23456,28389,32903,
Argentina,ARG,+ACI-Gross Ext. Debt Pos., All Sectors, Short+AC0-term, All instruments, Domestic currency, USD+ACI-,DT.DOD.DSTC.CD.DC.US,Millions (0),4507,5382,6442,9961,14150,
Argentina,ARG,+ACI-Gross Ext. Debt Pos., All Sectors, Long+AC0-term, All instruments, Domestic currency, USD+ACI-,DT.DOD.DLXF.CD.DC.US,Millions (0),13387,15846,17014,18428,18754,
Argentina,ARG,+ACI-Gross Ext. Debt Pos., All Sectors, All maturities, All instruments, Unallocated, USD+ACI-,DT.DOD.DECT.CD.UC.US,Millions (0),,,,,,
Argentina,ARG,+ACI-Gross Ext. Debt Pos., All Sectors, All maturities, All instruments, All currencies, USD+ACI-,DT.DOD.DECT.CD.DT.US,Millions (0),198868,204914,217510,234549,253741,
Belarus,BLR,+ACI-Gross Ext. Debt Pos., All Sectors, All maturities, All instruments, Foreign currency, USD+ACI-,DT.DOD.DECT.CD.FC.US,Millions (0),36765,38752,39278,39478,39484,
Belarus,BLR,+ACI-Gross Ext. Debt Pos., All Sectors, Short+AC0-term, All instruments, Foreign currency, USD+ACI-,DT.DOD.DSTC.CD.FC.US,Millions (0),10040,9722,9585,9555,9646,
Belarus,BLR,+ACI-Gross Ext. Debt Pos., All Sectors, Long+AC0-term, All instruments, Foreign currency, USD+ACI-,DT.DOD.DLXF.CD.FC.US,Millions (0),26725,29031,29694,29923,29838,
Belarus,BLR,+ACI-Gross Ext. Debt Pos., All Sectors, All maturities, All instruments, Domestic currency, USD+ACI-,DT.DOD.DECT.CD.DC.US,Millions (0),221,223,279,446,258,
Belarus,BLR,+ACI-Gross Ext. Debt Pos., All Sectors, Short+AC0-term, All instruments, Domestic currency, USD+ACI-,DT.DOD.DSTC.CD.DC.US,Millions (0),150,154,185,165,169,
Belarus,BLR,+ACI-Gross Ext. Debt Pos., All Sectors, Long+AC0-term, All instruments, Domestic currency, USD+ACI-,DT.DOD.DLXF.CD.DC.US,Millions (0),70,69,94,281,89,
Belarus,BLR,+ACI-Gross Ext. Debt Pos., All Sectors, All maturities, All instruments, Unallocated, USD+ACI-,DT.DOD.DECT.CD.UC.US,Millions (0),0,0,0,0,0,
Belarus,BLR,+ACI-Gross Ext. Debt Pos., All Sectors, All maturities, All instruments, All currencies, USD+ACI-,DT.DOD.DECT.CD.DT.US,Millions (0),36986,38975,39557,39924,39742,
Brazil,BRA,+ACI-Gross Ext. Debt Pos., All Sectors, All maturities, All instruments, Foreign currency, USD+ACI-,DT.DOD.DECT.CD.FC.US,Millions (0),505661,499945,505214,497192,508271,
Brazil,BRA,+ACI-Gross Ext. Debt Pos., All Sectors, Short+AC0-term, All instruments, Foreign currency, USD+ACI-,DT.DOD.DSTC.CD.FC.US,Millions (0),60532,65476,59624,57298,69095,
Brazil,BRA,+ACI-Gross Ext. Debt Pos., All Sectors, Long+AC0-term, All instruments, Foreign currency, USD+ACI-,DT.DOD.DLXF.CD.FC.US,Millions (0),445129,434469,445590,439894,439176,
Brazil,BRA,+ACI-Gross Ext. Debt Pos., All Sectors, All maturities, All instruments, Domestic currency, USD+ACI-,DT.DOD.DECT.CD.DC.US,Millions (0),173960,167032,175570,169911,172614,
Brazil,BRA,+ACI-Gross Ext. Debt Pos., All Sectors, Short+AC0-term, All instruments, Domestic currency, USD+ACI-,DT.DOD.DSTC.CD.DC.US,Millions (0),4093,5647,4483,3487,3334,
Brazil,BRA,+ACI-Gross Ext. Debt Pos., All Sectors, Long+AC0-term, All instruments, Domestic currency, USD+ACI-,DT.DOD.DLXF.CD.DC.US,Millions (0),169867,161385,171087,166424,169280,
Brazil,BRA,+ACI-Gross Ext. Debt Pos., All Sectors, All maturities, All instruments, Unallocated, USD+ACI-,DT.DOD.DECT.CD.UC.US,Millions (0),0,0,0,0,0,
Brazil,BRA,+ACI-Gross Ext. Debt Pos., All Sectors, All maturities, All instruments, All currencies, USD+ACI-,DT.DOD.DECT.CD.DT.US,Millions (0),679621,666977,680784,667103,680885,
Bulgaria,BGR,+ACI-Gross Ext. Debt Pos., All Sectors, All maturities, All instruments, Foreign currency, USD+ACI-,DT.DOD.DECT.CD.FC.US,Millions (0),36160,38710,39074,39635,40711,
Bulgaria,BGR,+ACI-Gross Ext. Debt Pos., All Sectors, Short+AC0-term, All instruments, Foreign currency, USD+ACI-,DT.DOD.DSTC.CD.FC.US,Millions (0),8488,9036,9212,9414,9639,
Bulgaria,BGR,+ACI-Gross Ext. Debt Pos., All Sectors, Long+AC0-term, All instruments, Foreign currency, USD+ACI-,DT.DOD.DLXF.CD.FC.US,Millions (0),27672,29673,29862,30221,31071,
Bulgaria,BGR,+ACI-Gross Ext. Debt Pos., All Sectors, All maturities, All instruments, Domestic currency, USD+ACI-,DT.DOD.DECT.CD.DC.US,Millions (0),1141,1188,1147,1182,1194,
Bulgaria,BGR,+ACI-Gross Ext. Debt Pos., All Sectors, Short+AC0-term, All instruments, Domestic currency, USD+ACI-,DT.DOD.DSTC.CD.DC.US,Millions (0),438,457,460,476,487,
Bulgaria,BGR,+ACI-Gross Ext. Debt Pos., All Sectors, Long+AC0-term, All instruments, Domestic currency, USD+ACI-,DT.DOD.DLXF.CD.DC.US,Millions (0),703,731,687,706,707,
Bulgaria,BGR,+ACI-Gross Ext. Debt Pos., All Sectors, All maturities, All instruments, Unallocated, USD+ACI-,DT.DOD.DECT.CD.UC.US,Millions (0),,,,,,
Bulgaria,BGR,+ACI-Gross Ext. Debt Pos., All Sectors, All maturities, All instruments, All currencies, USD+ACI-,DT.DOD.DECT.CD.DT.US,Millions (0),37301,39898,40221,40817,41904,
Canada,CAN,+ACI-Gross Ext. Debt Pos., All Sectors, All maturities, All instruments, Foreign currency, USD+ACI-,DT.DOD.DECT.CD.FC.US,Millions (0),1196745,1226618,1247672,1322694,1325017,
Canada,CAN,+ACI-Gross Ext. Debt Pos., All Sectors, Short+AC0-term, All instruments, Foreign currency, USD+ACI-,DT.DOD.DSTC.CD.FC.US,Millions (0),456022,459997,458594,504055,492981,
Canada,CAN,+ACI-Gross Ext. Debt Pos., All Sectors, Long+AC0-term, All instruments, Foreign currency, USD+ACI-,DT.DOD.DLXF.CD.FC.US,Millions (0),740724,766621,789078,818638,832036,
Canada,CAN,+ACI-Gross Ext. Debt Pos., All Sectors, All maturities, All instruments, Domestic currency, USD+ACI-,DT.DOD.DECT.CD.DC.US,Millions (0),592596,617403,640898,640296,613873,
Canada,CAN,+ACI-Gross Ext. Debt Pos., All Sectors, Short+AC0-term, All instruments, Domestic currency, USD+ACI-,DT.DOD.DSTC.CD.DC.US,Millions (0),141573,149519,140609,134972,138750,
Canada,CAN,+ACI-Gross Ext. Debt Pos., All Sectors, Long+AC0-term, All instruments, Domestic currency, USD+ACI-,DT.DOD.DLXF.CD.DC.US,Millions (0),451023,467884,500289,505323,475123,
Canada,CAN,+ACI-Gross Ext. Debt Pos., All Sectors, All maturities, All instruments, Unallocated, USD+ACI-,DT.DOD.DECT.CD.UC.US,Millions (0),,,,,,
Canada,CAN,+ACI-Gross Ext. Debt Pos., All Sectors, All maturities, All instruments, All currencies, USD+ACI-,DT.DOD.DECT.CD.DT.US,Millions (0),1789341,1844021,1888570,1962989,1938890,
Chile,CHL,+ACI-Gross Ext. Debt Pos., All Sectors, All maturities, All instruments, Foreign currency, USD+ACI-,DT.DOD.DECT.CD.FC.US,Millions (0),157634,161522,164732,167687,169075,
Chile,CHL,+ACI-Gross Ext. Debt Pos., All Sectors, Short+AC0-term, All instruments, Foreign currency, USD+ACI-,DT.DOD.DSTC.CD.FC.US,Millions (0),15787,16477,16665,20943,21010,
Chile,CHL,+ACI-Gross Ext. Debt Pos., All Sectors, Long+AC0-term, All instruments, Foreign currency, USD+ACI-,DT.DOD.DLXF.CD.FC.US,Millions (0),141847,145044,148067,146744,148065,
Chile,CHL,+ACI-Gross Ext. Debt Pos., All Sectors, All maturities, All instruments, Domestic currency, USD+ACI-,DT.DOD.DECT.CD.DC.US,Millions (0),8224,9875,11294,13826,15052,
Chile,CHL,+ACI-Gross Ext. Debt Pos., All Sectors, Short+AC0-term, All instruments, Domestic currency, USD+ACI-,DT.DOD.DSTC.CD.DC.US,Millions (0),89,66,79,82,79,
Chile,CHL,+ACI-Gross Ext. Debt Pos., All Sectors, Long+AC0-term, All instruments, Domestic currency, USD+ACI-,DT.DOD.DLXF.CD.DC.US,Millions (0),8135,9809,11216,13744,14973,
Chile,CHL,+ACI-Gross Ext. Debt Pos., All Sectors, All maturities, All instruments, Unallocated, USD+ACI-,DT.DOD.DECT.CD.UC.US,Millions (0),0,0,0,0,0,
Chile,CHL,+ACI-Gross Ext. Debt Pos., All Sectors, All maturities, All instruments, All currencies, USD+ACI-,DT.DOD.DECT.CD.DT.US,Millions (0),165858,171397,176026,181513,184127,
Colombia,COL,+ACI-Gross Ext. Debt Pos., All Sectors, All maturities, All instruments, Foreign currency, USD+ACI-,DT.DOD.DECT.CD.FC.US,Millions (0),115743,116123,119564,119655,121818,
Colombia,COL,+ACI-Gross Ext. Debt Pos., All Sectors, Short+AC0-term, All instruments, Foreign currency, USD+ACI-,DT.DOD.DSTC.CD.FC.US,Millions (0),12028,12863,12314,13101,14231,
Colombia,COL,+ACI-Gross Ext. Debt Pos., All Sectors, Long+AC0-term, All instruments, Foreign currency, USD+ACI-,DT.DOD.DLXF.CD.FC.US,Millions (0),103715,103260,107250,106555,107587,
Colombia,COL,+ACI-Gross Ext. Debt Pos., All Sectors, All maturities, All instruments, Domestic currency, USD+ACI-,DT.DOD.DECT.CD.DC.US,Millions (0),4871,4870,4871,4868,4868,
Colombia,COL,+ACI-Gross Ext. Debt Pos., All Sectors, Short+AC0-term, All instruments, Domestic currency, USD+ACI-,DT.DOD.DSTC.CD.DC.US,Millions (0),0,0,0,0,0,
Colombia,COL,+ACI-Gross Ext. Debt Pos., All Sectors, Long+AC0-term, All instruments, Domestic currency, USD+ACI-,DT.DOD.DLXF.CD.DC.US,Millions (0),4871,4870,4871,4868,4868,
Colombia,COL,+ACI-Gross Ext. Debt Pos., All Sectors, All maturities, All instruments, Unallocated, USD+ACI-,DT.DOD.DECT.CD.UC.US,Millions (0),0,0,0,0,0,
Colombia,COL,+ACI-Gross Ext. Debt Pos., All Sectors, All maturities, All instruments, All currencies, USD+ACI-,DT.DOD.DECT.CD.DT.US,Millions (0),120615,120993,124435,124523,126686,
Costa Rica,CRI,+ACI-Gross Ext. Debt Pos., All Sectors, All maturities, All instruments, Foreign currency, USD+ACI-,DT.DOD.DECT.CD.FC.US,Millions (0),25832,26295,26270,27053,28476,
Costa Rica,CRI,+ACI-Gross Ext. Debt Pos., All Sectors, Short+AC0-term, All instruments, Foreign currency, USD+ACI-,DT.DOD.DSTC.CD.FC.US,Millions (0),2252,2199,2256,2574,2577,
Costa Rica,CRI,+ACI-Gross Ext. Debt Pos., All Sectors, Long+AC0-term, All instruments, Foreign currency, USD+ACI-,DT.DOD.DLXF.CD.FC.US,Millions (0),23580,24096,24015,24479,25899,
Costa Rica,CRI,+ACI-Gross Ext. Debt Pos., All Sectors, All maturities, All instruments, Domestic currency, USD+ACI-,DT.DOD.DECT.CD.DC.US,Millions (0),56,53,57,66,61,
Costa Rica,CRI,+ACI-Gross Ext. Debt Pos., All Sectors, Short+AC0-term, All instruments, Domestic currency, USD+ACI-,DT.DOD.DSTC.CD.DC.US,Millions (0),0,0,0,0,0,
Costa Rica,CRI,+ACI-Gross Ext. Debt Pos., All Sectors, Long+AC0-term, All instruments, Domestic currency, USD+ACI-,DT.DOD.DLXF.CD.DC.US,Millions (0),56,53,57,66,61,
Costa Rica,CRI,+ACI-Gross Ext. Debt Pos., All Sectors, All maturities, All instruments, Unallocated, USD+ACI-,DT.DOD.DECT.CD.UC.US,Millions (0),0,0,0,0,0,
Costa Rica,CRI,+ACI-Gross Ext. Debt Pos., All Sectors, All maturities, All instruments, All currencies, USD+ACI-,DT.DOD.DECT.CD.DT.US,Millions (0),25888,26347,26328,27119,28537,
Croatia,HRV,+ACI-Gross Ext. Debt Pos., All Sectors, All maturities, All instruments, Foreign currency, USD+ACI-,DT.DOD.DECT.CD.FC.US,Millions (0),44394,43273,44216,45209,46920,
Croatia,HRV,+ACI-Gross Ext. Debt Pos., All Sectors, Short+AC0-term, All instruments, Foreign currency, USD+ACI-,DT.DOD.DSTC.CD.FC.US,Millions (0),5133,3997,4297,4646,5766,
Croatia,HRV,+ACI-Gross Ext. Debt Pos., All Sectors, Long+AC0-term, All instruments, Foreign currency, USD+ACI-,DT.DOD.DLXF.CD.FC.US,Millions (0),39261,39276,39919,40563,41155,
Croatia,HRV,+ACI-Gross Ext. Debt Pos., All Sectors, All maturities, All instruments, Domestic currency, USD+ACI-,DT.DOD.DECT.CD.DC.US,Millions (0),2507,2672,2684,2846,3135,
Croatia,HRV,+ACI-Gross Ext. Debt Pos., All Sectors, Short+AC0-term, All instruments, Domestic currency, USD+ACI-,DT.DOD.DSTC.CD.DC.US,Millions (0),847,950,964,1043,1152,
Croatia,HRV,+ACI-Gross Ext. Debt Pos., All Sectors, Long+AC0-term, All instruments, Domestic currency, USD+ACI-,DT.DOD.DLXF.CD.DC.US,Millions (0),1660,1721,1719,1803,1983,
Croatia,HRV,+ACI-Gross Ext. Debt Pos., All Sectors, All maturities, All instruments, Unallocated, USD+ACI-,DT.DOD.DECT.CD.UC.US,Millions (0),,,,,,
Croatia,HRV,+ACI-Gross Ext. Debt Pos., All Sectors, All maturities, All instruments, All currencies, USD+ACI-,DT.DOD.DECT.CD.DT.US,Millions (0),46901,45945,46900,48055,50056,
Czech Republic,CZE,+ACI-Gross Ext. Debt Pos., All Sectors, All maturities, All instruments, Foreign currency, USD+ACI-,DT.DOD.DECT.CD.FC.US,Millions (0),84899,91199,102863,102348,113220,
Czech Republic,CZE,+ACI-Gross Ext. Debt Pos., All Sectors, Short+AC0-term, All instruments, Foreign currency, USD+ACI-,DT.DOD.DSTC.CD.FC.US,Millions (0),55873,60156,67664,65078,76340,
Czech Republic,CZE,+ACI-Gross Ext. Debt Pos., All Sectors, Long+AC0-term, All instruments, Foreign currency, USD+ACI-,DT.DOD.DLXF.CD.FC.US,Millions (0),29026,31042,35199,37270,36881,
Czech Republic,CZE,+ACI-Gross Ext. Debt Pos., All Sectors, All maturities, All instruments, Domestic currency, USD+ACI-,DT.DOD.DECT.CD.DC.US,Millions (0),87060,100391,98836,103015,96186,
Czech Republic,CZE,+ACI-Gross Ext. Debt Pos., All Sectors, Short+AC0-term, All instruments, Domestic currency, USD+ACI-,DT.DOD.DSTC.CD.DC.US,Millions (0),43132,51833,49478,54170,48310,
Czech Republic,CZE,+ACI-Gross Ext. Debt Pos., All Sectors, Long+AC0-term, All instruments, Domestic currency, USD+ACI-,DT.DOD.DLXF.CD.DC.US,Millions (0),43927,48558,49358,48845,47876,
Czech Republic,CZE,+ACI-Gross Ext. Debt Pos., All Sectors, All maturities, All instruments, Unallocated, USD+ACI-,DT.DOD.DECT.CD.UC.US,Millions (0),0,0,0,0,0,
Czech Republic,CZE,+ACI-Gross Ext. Debt Pos., All Sectors, All maturities, All instruments, All currencies, USD+ACI-,DT.DOD.DECT.CD.DT.US,Millions (0),171958,191589,201699,205363,209406,
Georgia,GEO,+ACI-Gross Ext. Debt Pos., All Sectors, All maturities, All instruments, Foreign currency, USD+ACI-,DT.DOD.DECT.CD.FC.US,Millions (0),14971,15341,15571,15791,15873,
Georgia,GEO,+ACI-Gross Ext. Debt Pos., All Sectors, Short+AC0-term, All instruments, Foreign currency, USD+ACI-,DT.DOD.DSTC.CD.FC.US,Millions (0),1830,2006,1954,2025,2105,
Georgia,GEO,+ACI-Gross Ext. Debt Pos., All Sectors, Long+AC0-term, All instruments, Foreign currency, USD+ACI-,DT.DOD.DLXF.CD.FC.US,Millions (0),13141,13334,13617,13766,13769,
Georgia,GEO,+ACI-Gross Ext. Debt Pos., All Sectors, All maturities, All instruments, Domestic currency, USD+ACI-,DT.DOD.DECT.CD.DC.US,Millions (0),1049,1323,1335,1482,1593,
Georgia,GEO,+ACI-Gross Ext. Debt Pos., All Sectors, Short+AC0-term, All instruments, Domestic currency, USD+ACI-,DT.DOD.DSTC.CD.DC.US,Millions (0),453,429,444,505,551,
Georgia,GEO,+ACI-Gross Ext. Debt Pos., All Sectors, Long+AC0-term, All instruments, Domestic currency, USD+ACI-,DT.DOD.DLXF.CD.DC.US,Millions (0),596,894,891,977,1042,
Georgia,GEO,+ACI-Gross Ext. Debt Pos., All Sectors, All maturities, All instruments, Unallocated, USD+ACI-,DT.DOD.DECT.CD.UC.US,Millions (0),0,0,0,0,0,
Georgia,GEO,+ACI-Gross Ext. Debt Pos., All Sectors, All maturities, All instruments, All currencies, USD+ACI-,DT.DOD.DECT.CD.DT.US,Millions (0),16019,16663,16906,17273,17467,
Germany,DEU,+ACI-Gross Ext. Debt Pos., All Sectors, All maturities, All instruments, Foreign currency, USD+ACI-,DT.DOD.DECT.CD.FC.US,Millions (0),1020070,1044536,1059781,998765,1030813,
Germany,DEU,+ACI-Gross Ext. Debt Pos., All Sectors, Short+AC0-term, All instruments, Foreign currency, USD+ACI-,DT.DOD.DSTC.CD.FC.US,Millions (0),372311,382416,389757,343250,360670,
Germany,DEU,+ACI-Gross Ext. Debt Pos., All Sectors, Long+AC0-term, All instruments, Foreign currency, USD+ACI-,DT.DOD.DLXF.CD.FC.US,Millions (0),647759,662120,670024,655515,670143,
Germany,DEU,+ACI-Gross Ext. Debt Pos., All Sectors, All maturities, All instruments, Domestic currency, USD+ACI-,DT.DOD.DECT.CD.DC.US,Millions (0),4081786,4301718,4428905,4498107,4696737,
Germany,DEU,+ACI-Gross Ext. Debt Pos., All Sectors, Short+AC0-term, All instruments, Domestic currency, USD+ACI-,DT.DOD.DSTC.CD.DC.US,Millions (0),1548137,1606425,1660127,1708874,1807961,
Germany,DEU,+ACI-Gross Ext. Debt Pos., All Sectors, Long+AC0-term, All instruments, Domestic currency, USD+ACI-,DT.DOD.DLXF.CD.DC.US,Millions (0),2533649,2695293,2768779,2789232,2888775,
Germany,DEU,+ACI-Gross Ext. Debt Pos., All Sectors, All maturities, All instruments, Unallocated, USD+ACI-,DT.DOD.DECT.CD.UC.US,Millions (0),,,,,,
Germany,DEU,+ACI-Gross Ext. Debt Pos., All Sectors, All maturities, All instruments, All currencies, USD+ACI-,DT.DOD.DECT.CD.DT.US,Millions (0),5101856,5346254,5488686,5496872,5727550,
Hungary,HUN,+ACI-Gross Ext. Debt Pos., All Sectors, All maturities, All instruments, Foreign currency, USD+ACI-,DT.DOD.DECT.CD.FC.US,Millions (0),117012,119609,123122,122289,120679,
Hungary,HUN,+ACI-Gross Ext. Debt Pos., All Sectors, Short+AC0-term, All instruments, Foreign currency, USD+ACI-,DT.DOD.DSTC.CD.FC.US,Millions (0),11573,11635,11424,10516,11468,
Hungary,HUN,+ACI-Gross Ext. Debt Pos., All Sectors, Long+AC0-term, All instruments, Foreign currency, USD+ACI-,DT.DOD.DLXF.CD.FC.US,Millions (0),105440,107974,111698,111773,109210,
Hungary,HUN,+ACI-Gross Ext. Debt Pos., All Sectors, All maturities, All instruments, Domestic currency, USD+ACI-,DT.DOD.DECT.CD.DC.US,Millions (0),31998,34255,34193,33823,35425,
Hungary,HUN,+ACI-Gross Ext. Debt Pos., All Sectors, Short+AC0-term, All instruments, Domestic currency, USD+ACI-,DT.DOD.DSTC.CD.DC.US,Millions (0),3737,3588,3400,3356,4159,
Hungary,HUN,+ACI-Gross Ext. Debt Pos., All Sectors, Long+AC0-term, All instruments, Domestic currency, USD+ACI-,DT.DOD.DLXF.CD.DC.US,Millions (0),28261,30666,30793,30467,31266,
Hungary,HUN,+ACI-Gross Ext. Debt Pos., All Sectors, All maturities, All instruments, Unallocated, USD+ACI-,DT.DOD.DECT.CD.UC.US,Millions (0),0,0,0,0,0,
Hungary,HUN,+ACI-Gross Ext. Debt Pos., All Sectors, All maturities, All instruments, All currencies, USD+ACI-,DT.DOD.DECT.CD.DT.US,Millions (0),149010,153863,157316,156111,156104,
India,IND,+ACI-Gross Ext. Debt Pos., All Sectors, All maturities, All instruments, Foreign currency, USD+ACI-,DT.DOD.DECT.CD.FC.US,Millions (0),312682,313443,318154,326668,340059,
India,IND,+ACI-Gross Ext. Debt Pos., All Sectors, Short+AC0-term, All instruments, Foreign currency, USD+ACI-,DT.DOD.DSTC.CD.FC.US,Millions (0),86904,87618,91446,96224,100595,
India,IND,+ACI-Gross Ext. Debt Pos., All Sectors, Long+AC0-term, All instruments, Foreign currency, USD+ACI-,DT.DOD.DLXF.CD.FC.US,Millions (0),225778,225825,226708,230444,239464,
India,IND,+ACI-Gross Ext. Debt Pos., All Sectors, All maturities, All instruments, Domestic currency, USD+ACI-,DT.DOD.DECT.CD.DC.US,Millions (0),158626,171777,177138,186160,189614,
India,IND,+ACI-Gross Ext. Debt Pos., All Sectors, Short+AC0-term, All instruments, Domestic currency, USD+ACI-,DT.DOD.DSTC.CD.DC.US,Millions (0),1221,1363,1378,1385,1577,
India,IND,+ACI-Gross Ext. Debt Pos., All Sectors, Long+AC0-term, All instruments, Domestic currency, USD+ACI-,DT.DOD.DLXF.CD.DC.US,Millions (0),157405,170414,175760,184775,188037,
India,IND,+ACI-Gross Ext. Debt Pos., All Sectors, All maturities, All instruments, Unallocated, USD+ACI-,DT.DOD.DECT.CD.UC.US,Millions (0),,,,,,
India,IND,+ACI-Gross Ext. Debt Pos., All Sectors, All maturities, All instruments, All currencies, USD+ACI-,DT.DOD.DECT.CD.DT.US,Millions (0),471308,485220,495292,512828,529673,
Kazakhstan,KAZ,+ACI-Gross Ext. Debt Pos., All Sectors, All maturities, All instruments, Foreign currency, USD+ACI-,DT.DOD.DECT.CD.FC.US,Millions (0),148197,149562,149894,148936,146789,
Kazakhstan,KAZ,+ACI-Gross Ext. Debt Pos., All Sectors, Short+AC0-term, All instruments, Foreign currency, USD+ACI-,DT.DOD.DSTC.CD.FC.US,Millions (0),630,647,723,751,759,
Kazakhstan,KAZ,+ACI-Gross Ext. Debt Pos., All Sectors, Long+AC0-term, All instruments, Foreign currency, USD+ACI-,DT.DOD.DLXF.CD.FC.US,Millions (0),147566,148916,149171,148185,146029,
Kazakhstan,KAZ,+ACI-Gross Ext. Debt Pos., All Sectors, All maturities, All instruments, Domestic currency, USD+ACI-,DT.DOD.DECT.CD.DC.US,Millions (0),5984,6862,7028,6485,7566,
Kazakhstan,KAZ,+ACI-Gross Ext. Debt Pos., All Sectors, Short+AC0-term, All instruments, Domestic currency, USD+ACI-,DT.DOD.DSTC.CD.DC.US,Millions (0),862,819,581,642,1634,
Kazakhstan,KAZ,+ACI-Gross Ext. Debt Pos., All Sectors, Long+AC0-term, All instruments, Domestic currency, USD+ACI-,DT.DOD.DLXF.CD.DC.US,Millions (0),5123,6043,6448,5843,5931,
Kazakhstan,KAZ,+ACI-Gross Ext. Debt Pos., All Sectors, All maturities, All instruments, Unallocated, USD+ACI-,DT.DOD.DECT.CD.UC.US,Millions (0),11208,11435,11967,12063,12291,
Kazakhstan,KAZ,+ACI-Gross Ext. Debt Pos., All Sectors, All maturities, All instruments, All currencies, USD+ACI-,DT.DOD.DECT.CD.DT.US,Millions (0),165389,167859,168889,167485,166645,
+ACI-Korea, Rep.+ACI-,KOR,+ACI-Gross Ext. Debt Pos., All Sectors, All maturities, All instruments, Foreign currency, USD+ACI-,DT.DOD.DECT.CD.FC.US,Millions (0),303024,300264,304777,307873,315563
+ACI-Korea, Rep.+ACI-,KOR,+ACI-Gross Ext. Debt Pos., All Sectors, Short+AC0-term, All instruments, Foreign currency, USD+ACI-,DT.DOD.DSTC.CD.FC.US,Millions (0),89194,88945,93215,89742,91847
+ACI-Korea, Rep.+ACI-,KOR,+ACI-Gross Ext. Debt Pos., All Sectors, Long+AC0-term, All instruments, Foreign currency, USD+ACI-,DT.DOD.DLXF.CD.FC.US,Millions (0),213830,211319,211562,218131,223717
+ACI-Korea, Rep.+ACI-,KOR,+ACI-Gross Ext. Debt Pos., All Sectors, All maturities, All instruments, Domestic currency, USD+ACI-,DT.DOD.DECT.CD.DC.US,Millions (0),104742,108131,105772,110951,118324
+ACI-Korea, Rep.+ACI-,KOR,+ACI-Gross Ext. Debt Pos., All Sectors, Short+AC0-term, All instruments, Domestic currency, USD+ACI-,DT.DOD.DSTC.CD.DC.US,Millions (0),25262,27830,25685,26181,28638
+ACI-Korea, Rep.+ACI-,KOR,+ACI-Gross Ext. Debt Pos., All Sectors, Long+AC0-term, All instruments, Domestic currency, USD+ACI-,DT.DOD.DLXF.CD.DC.US,Millions (0),79479,80302,80087,84770,89685
+ACI-Korea, Rep.+ACI-,KOR,+ACI-Gross Ext. Debt Pos., All Sectors, All maturities, All instruments, Unallocated, USD+ACI-,DT.DOD.DECT.CD.UC.US,Millions (0),,,,,
+ACI-Korea, Rep.+ACI-,KOR,+ACI-Gross Ext. Debt Pos., All Sectors, All maturities, All instruments, All currencies, USD+ACI-,DT.DOD.DECT.CD.DT.US,Millions (0),407766,408395,410549,418824,433887
Kyrgyz Republic,KGZ,+ACI-Gross Ext. Debt Pos., All Sectors, All maturities, All instruments, Foreign currency, USD+ACI-,DT.DOD.DECT.CD.FC.US,Millions (0),7836,7830,7988,8049,7904,
Kyrgyz Republic,KGZ,+ACI-Gross Ext. Debt Pos., All Sectors, Short+AC0-term, All instruments, Foreign currency, USD+ACI-,DT.DOD.DSTC.CD.FC.US,Millions (0),361,341,350,347,406,
Kyrgyz Republic,KGZ,+ACI-Gross Ext. Debt Pos., All Sectors, Long+AC0-term, All instruments, Foreign currency, USD+ACI-,DT.DOD.DLXF.CD.FC.US,Millions (0),7475,7489,7638,7703,7498,
Kyrgyz Republic,KGZ,+ACI-Gross Ext. Debt Pos., All Sectors, All maturities, All instruments, Domestic currency, USD+ACI-,DT.DOD.DECT.CD.DC.US,Millions (0),78,76,79,84,79,
Kyrgyz Republic,KGZ,+ACI-Gross Ext. Debt Pos., All Sectors, Short+AC0-term, All instruments, Domestic currency, USD+ACI-,DT.DOD.DSTC.CD.DC.US,Millions (0),8,9,11,13,16,
Kyrgyz Republic,KGZ,+ACI-Gross Ext. Debt Pos., All Sectors, Long+AC0-term, All instruments, Domestic currency, USD+ACI-,DT.DOD.DLXF.CD.DC.US,Millions (0),70,67,68,72,64,
Kyrgyz Republic,KGZ,+ACI-Gross Ext. Debt Pos., All Sectors, All maturities, All instruments, Unallocated, USD+ACI-,DT.DOD.DECT.CD.UC.US,Millions (0),0,0,0,0,0,
Kyrgyz Republic,KGZ,+ACI-Gross Ext. Debt Pos., All Sectors, All maturities, All instruments, All currencies, USD+ACI-,DT.DOD.DECT.CD.DT.US,Millions (0),7914,7906,8067,8133,7984,
Latvia,LVA,+ACI-Gross Ext. Debt Pos., All Sectors, All maturities, All instruments, Foreign currency, USD+ACI-,DT.DOD.DECT.CD.FC.US,Millions (0),9397,9259,8924,8787,5673,
Latvia,LVA,+ACI-Gross Ext. Debt Pos., All Sectors, Short+AC0-term, All instruments, Foreign currency, USD+ACI-,DT.DOD.DSTC.CD.FC.US,Millions (0),6766,6713,6131,6143,3147,
Latvia,LVA,+ACI-Gross Ext. Debt Pos., All Sectors, Long+AC0-term, All instruments, Foreign currency, USD+ACI-,DT.DOD.DLXF.CD.FC.US,Millions (0),2631,2546,2793,2644,2526,
Latvia,LVA,+ACI-Gross Ext. Debt Pos., All Sectors, All maturities, All instruments, Domestic currency, USD+ACI-,DT.DOD.DECT.CD.DC.US,Millions (0),30513,33450,35410,36575,37963,
Latvia,LVA,+ACI-Gross Ext. Debt Pos., All Sectors, Short+AC0-term, All instruments, Domestic currency, USD+ACI-,DT.DOD.DSTC.CD.DC.US,Millions (0),16520,18191,19156,20146,21403,
Latvia,LVA,+ACI-Gross Ext. Debt Pos., All Sectors, Long+AC0-term, All instruments, Domestic currency, USD+ACI-,DT.DOD.DLXF.CD.DC.US,Millions (0),13993,15259,16253,16429,16561,
Latvia,LVA,+ACI-Gross Ext. Debt Pos., All Sectors, All maturities, All instruments, Unallocated, USD+ACI-,DT.DOD.DECT.CD.UC.US,Millions (0),0,0,0,0,0,
Latvia,LVA,+ACI-Gross Ext. Debt Pos., All Sectors, All maturities, All instruments, All currencies, USD+ACI-,DT.DOD.DECT.CD.DT.US,Millions (0),39911,42708,44334,45362,43636,
+ACI-Macedonia, FYR+ACI-,MKD,+ACI-Gross Ext. Debt Pos., All Sectors, All maturities, All instruments, Foreign currency, USD+ACI-,DT.DOD.DECT.CD.FC.US,Millions (0),8246,8726,8975,8831,10129
+ACI-Macedonia, FYR+ACI-,MKD,+ACI-Gross Ext. Debt Pos., All Sectors, Short+AC0-term, All instruments, Foreign currency, USD+ACI-,DT.DOD.DSTC.CD.FC.US,Millions (0),2209,2272,2446,2097,2795
+ACI-Macedonia, FYR+ACI-,MKD,+ACI-Gross Ext. Debt Pos., All Sectors, Long+AC0-term, All instruments, Foreign currency, USD+ACI-,DT.DOD.DLXF.CD.FC.US,Millions (0),6037,6454,6529,6735,7333
+ACI-Macedonia, FYR+ACI-,MKD,+ACI-Gross Ext. Debt Pos., All Sectors, All maturities, All instruments, Domestic currency, USD+ACI-,DT.DOD.DECT.CD.DC.US,Millions (0),39,82,48,47,99
+ACI-Macedonia, FYR+ACI-,MKD,+ACI-Gross Ext. Debt Pos., All Sectors, Short+AC0-term, All instruments, Domestic currency, USD+ACI-,DT.DOD.DSTC.CD.DC.US,Millions (0),29,72,37,37,39
+ACI-Macedonia, FYR+ACI-,MKD,+ACI-Gross Ext. Debt Pos., All Sectors, Long+AC0-term, All instruments, Domestic currency, USD+ACI-,DT.DOD.DLXF.CD.DC.US,Millions (0),10,10,11,11,59
+ACI-Macedonia, FYR+ACI-,MKD,+ACI-Gross Ext. Debt Pos., All Sectors, All maturities, All instruments, Unallocated, USD+ACI-,DT.DOD.DECT.CD.UC.US,Millions (0),0,0,0,0,0
+ACI-Macedonia, FYR+ACI-,MKD,+ACI-Gross Ext. Debt Pos., All Sectors, All maturities, All instruments, All currencies, USD+ACI-,DT.DOD.DECT.CD.DT.US,Millions (0),8285,8808,9023,8879,10227
Mexico,MEX,+ACI-Gross Ext. Debt Pos., All Sectors, All maturities, All instruments, Foreign currency, USD+ACI-,DT.DOD.DECT.CD.FC.US,Millions (0),316477,319984,329934,331720,339797,
Mexico,MEX,+ACI-Gross Ext. Debt Pos., All Sectors, Short+AC0-term, All instruments, Foreign currency, USD+ACI-,DT.DOD.DSTC.CD.FC.US,Millions (0),29319,30293,28969,31904,31073,
Mexico,MEX,+ACI-Gross Ext. Debt Pos., All Sectors, Long+AC0-term, All instruments, Foreign currency, USD+ACI-,DT.DOD.DLXF.CD.FC.US,Millions (0),287158,289691,300965,299816,308723,
Mexico,MEX,+ACI-Gross Ext. Debt Pos., All Sectors, All maturities, All instruments, Domestic currency, USD+ACI-,DT.DOD.DECT.CD.DC.US,Millions (0),115426,119779,118094,107223,114221,
Mexico,MEX,+ACI-Gross Ext. Debt Pos., All Sectors, Short+AC0-term, All instruments, Domestic currency, USD+ACI-,DT.DOD.DSTC.CD.DC.US,Millions (0),22324,27249,22461,21330,19420,
Mexico,MEX,+ACI-Gross Ext. Debt Pos., All Sectors, Long+AC0-term, All instruments, Domestic currency, USD+ACI-,DT.DOD.DLXF.CD.DC.US,Millions (0),93102,92530,95632,85893,94801,
Mexico,MEX,+ACI-Gross Ext. Debt Pos., All Sectors, All maturities, All instruments, Unallocated, USD+ACI-,DT.DOD.DECT.CD.UC.US,Millions (0),0,0,0,0,0,
Mexico,MEX,+ACI-Gross Ext. Debt Pos., All Sectors, All maturities, All instruments, All currencies, USD+ACI-,DT.DOD.DECT.CD.DT.US,Millions (0),431902,439762,448027,438943,454017,
Moldova,MDA,+ACI-Gross Ext. Debt Pos., All Sectors, All maturities, All instruments, Foreign currency, USD+ACI-,DT.DOD.DECT.CD.FC.US,Millions (0),6300,6539,6703,6916,7151,
Moldova,MDA,+ACI-Gross Ext. Debt Pos., All Sectors, Short+AC0-term, All instruments, Foreign currency, USD+ACI-,DT.DOD.DSTC.CD.FC.US,Millions (0),1437,1528,1608,1725,1932,
Moldova,MDA,+ACI-Gross Ext. Debt Pos., All Sectors, Long+AC0-term, All instruments, Foreign currency, USD+ACI-,DT.DOD.DLXF.CD.FC.US,Millions (0),4862,5011,5095,5191,5219,
Moldova,MDA,+ACI-Gross Ext. Debt Pos., All Sectors, All maturities, All instruments, Domestic currency, USD+ACI-,DT.DOD.DECT.CD.DC.US,Millions (0),46,51,51,57,54,
Moldova,MDA,+ACI-Gross Ext. Debt Pos., All Sectors, Short+AC0-term, All instruments, Domestic currency, USD+ACI-,DT.DOD.DSTC.CD.DC.US,Millions (0),14,15,16,22,17,
Moldova,MDA,+ACI-Gross Ext. Debt Pos., All Sectors, Long+AC0-term, All instruments, Domestic currency, USD+ACI-,DT.DOD.DLXF.CD.DC.US,Millions (0),32,36,34,35,37,
Moldova,MDA,+ACI-Gross Ext. Debt Pos., All Sectors, All maturities, All instruments, Unallocated, USD+ACI-,DT.DOD.DECT.CD.UC.US,Millions (0),,,,,,
Moldova,MDA,+ACI-Gross Ext. Debt Pos., All Sectors, All maturities, All instruments, All currencies, USD+ACI-,DT.DOD.DECT.CD.DT.US,Millions (0),6346,6590,6754,6974,7205,
New Zealand,NZL,+ACI-Gross Ext. Debt Pos., All Sectors, All maturities, All instruments, Foreign currency, USD+ACI-,DT.DOD.DECT.CD.FC.US,Millions (0),83925,89053,90324,89851,89400,
New Zealand,NZL,+ACI-Gross Ext. Debt Pos., All Sectors, Short+AC0-term, All instruments, Foreign currency, USD+ACI-,DT.DOD.DSTC.CD.FC.US,Millions (0),,,,,,
New Zealand,NZL,+ACI-Gross Ext. Debt Pos., All Sectors, Long+AC0-term, All instruments, Foreign currency, USD+ACI-,DT.DOD.DLXF.CD.FC.US,Millions (0),,,,,,
New Zealand,NZL,+ACI-Gross Ext. Debt Pos., All Sectors, All maturities, All instruments, Domestic currency, USD+ACI-,DT.DOD.DECT.CD.DC.US,Millions (0),99787,105576,104990,102969,107442,
New Zealand,NZL,+ACI-Gross Ext. Debt Pos., All Sectors, Short+AC0-term, All instruments, Domestic currency, USD+ACI-,DT.DOD.DSTC.CD.DC.US,Millions (0),,,,,,
New Zealand,NZL,+ACI-Gross Ext. Debt Pos., All Sectors, Long+AC0-term, All instruments, Domestic currency, USD+ACI-,DT.DOD.DLXF.CD.DC.US,Millions (0),,,,,,
New Zealand,NZL,+ACI-Gross Ext. Debt Pos., All Sectors, All maturities, All instruments, Unallocated, USD+ACI-,DT.DOD.DECT.CD.UC.US,Millions (0),,,,,,
New Zealand,NZL,+ACI-Gross Ext. Debt Pos., All Sectors, All maturities, All instruments, All currencies, USD+ACI-,DT.DOD.DECT.CD.DT.US,Millions (0),183713,194630,195313,192820,196841,
Peru,PER,+ACI-Gross Ext. Debt Pos., All Sectors, All maturities, All instruments, Foreign currency, USD+ACI-,DT.DOD.DECT.CD.FC.US,Millions (0),68805,71030,68677,67117,68249,
Peru,PER,+ACI-Gross Ext. Debt Pos., All Sectors, Short+AC0-term, All instruments, Foreign currency, USD+ACI-,DT.DOD.DSTC.CD.FC.US,Millions (0),7914,8430,9369,8368,9651,
Peru,PER,+ACI-Gross Ext. Debt Pos., All Sectors, Long+AC0-term, All instruments, Foreign currency, USD+ACI-,DT.DOD.DLXF.CD.FC.US,Millions (0),60890,62601,59309,58749,58598,
Peru,PER,+ACI-Gross Ext. Debt Pos., All Sectors, All maturities, All instruments, Domestic currency, USD+ACI-,DT.DOD.DECT.CD.DC.US,Millions (0),434,432,575,403,418,
Peru,PER,+ACI-Gross Ext. Debt Pos., All Sectors, Short+AC0-term, All instruments, Domestic currency, USD+ACI-,DT.DOD.DSTC.CD.DC.US,Millions (0),206,207,352,327,354,
Peru,PER,+ACI-Gross Ext. Debt Pos., All Sectors, Long+AC0-term, All instruments, Domestic currency, USD+ACI-,DT.DOD.DLXF.CD.DC.US,Millions (0),227,225,223,76,65,
Peru,PER,+ACI-Gross Ext. Debt Pos., All Sectors, All maturities, All instruments, Unallocated, USD+ACI-,DT.DOD.DECT.CD.UC.US,Millions (0),0,0,0,0,0,
Peru,PER,+ACI-Gross Ext. Debt Pos., All Sectors, All maturities, All instruments, All currencies, USD+ACI-,DT.DOD.DECT.CD.DT.US,Millions (0),69238,71462,69253,67520,68667,
Philippines,PHL,+ACI-Gross Ext. Debt Pos., All Sectors, All maturities, All instruments, Foreign currency, USD+ACI-,DT.DOD.DECT.CD.FC.US,Millions (0),72031,70830,70288,71026,71344,
Philippines,PHL,+ACI-Gross Ext. Debt Pos., All Sectors, Short+AC0-term, All instruments, Foreign currency, USD+ACI-,DT.DOD.DSTC.CD.FC.US,Millions (0),13917,13499,12721,12794,11607,
Philippines,PHL,+ACI-Gross Ext. Debt Pos., All Sectors, Long+AC0-term, All instruments, Foreign currency, USD+ACI-,DT.DOD.DLXF.CD.FC.US,Millions (0),58114,57331,57567,58233,59736,
Philippines,PHL,+ACI-Gross Ext. Debt Pos., All Sectors, All maturities, All instruments, Domestic currency, USD+ACI-,DT.DOD.DECT.CD.DC.US,Millions (0),1774,1663,2080,2072,1853,
Philippines,PHL,+ACI-Gross Ext. Debt Pos., All Sectors, Short+AC0-term, All instruments, Domestic currency, USD+ACI-,DT.DOD.DSTC.CD.DC.US,Millions (0),1144,1052,1497,1481,1240,
Philippines,PHL,+ACI-Gross Ext. Debt Pos., All Sectors, Long+AC0-term, All instruments, Domestic currency, USD+ACI-,DT.DOD.DLXF.CD.DC.US,Millions (0),630,611,583,591,613,
Philippines,PHL,+ACI-Gross Ext. Debt Pos., All Sectors, All maturities, All instruments, Unallocated, USD+ACI-,DT.DOD.DECT.CD.UC.US,Millions (0),,,,,,
Philippines,PHL,+ACI-Gross Ext. Debt Pos., All Sectors, All maturities, All instruments, All currencies, USD+ACI-,DT.DOD.DECT.CD.DT.US,Millions (0),73805,72493,72368,73098,73196,
Poland,POL,+ACI-Gross Ext. Debt Pos., All Sectors, All maturities, All instruments, Foreign currency, USD+ACI-,DT.DOD.DECT.CD.FC.US,Millions (0),224919,232920,236989,240990,249767,
Poland,POL,+ACI-Gross Ext. Debt Pos., All Sectors, Short+AC0-term, All instruments, Foreign currency, USD+ACI-,DT.DOD.DSTC.CD.FC.US,Millions (0),53189,52041,51477,55787,57884,
Poland,POL,+ACI-Gross Ext. Debt Pos., All Sectors, Long+AC0-term, All instruments, Foreign currency, USD+ACI-,DT.DOD.DLXF.CD.FC.US,Millions (0),171730,180879,185512,185203,191883,
Poland,POL,+ACI-Gross Ext. Debt Pos., All Sectors, All maturities, All instruments, Domestic currency, USD+ACI-,DT.DOD.DECT.CD.DC.US,Millions (0),120460,132095,132383,138610,142407,
Poland,POL,+ACI-Gross Ext. Debt Pos., All Sectors, Short+AC0-term, All instruments, Domestic currency, USD+ACI-,DT.DOD.DSTC.CD.DC.US,Millions (0),23697,26955,27539,27036,29157,
Poland,POL,+ACI-Gross Ext. Debt Pos., All Sectors, Long+AC0-term, All instruments, Domestic currency, USD+ACI-,DT.DOD.DLXF.CD.DC.US,Millions (0),96763,105140,104844,111574,113250,
Poland,POL,+ACI-Gross Ext. Debt Pos., All Sectors, All maturities, All instruments, Unallocated, USD+ACI-,DT.DOD.DECT.CD.UC.US,Millions (0),,,,,,
Poland,POL,+ACI-Gross Ext. Debt Pos., All Sectors, All maturities, All instruments, All currencies, USD+ACI-,DT.DOD.DECT.CD.DT.US,Millions (0),345379,365015,369372,379600,392174,
Romania,ROU,+ACI-Gross Ext. Debt Pos., All Sectors, All maturities, All instruments, Foreign currency, USD+ACI-,DT.DOD.DECT.CD.FC.US,Millions (0),86554,93045,95402,97270,102545,
Romania,ROU,+ACI-Gross Ext. Debt Pos., All Sectors, Short+AC0-term, All instruments, Foreign currency, USD+ACI-,DT.DOD.DSTC.CD.FC.US,Millions (0),21750,24037,25466,25722,29394,
Romania,ROU,+ACI-Gross Ext. Debt Pos., All Sectors, Long+AC0-term, All instruments, Foreign currency, USD+ACI-,DT.DOD.DLXF.CD.FC.US,Millions (0),64804,69008,69936,71548,73151,
Romania,ROU,+ACI-Gross Ext. Debt Pos., All Sectors, All maturities, All instruments, Domestic currency, USD+ACI-,DT.DOD.DECT.CD.DC.US,Millions (0),13380,14779,15032,14837,15569,
Romania,ROU,+ACI-Gross Ext. Debt Pos., All Sectors, Short+AC0-term, All instruments, Domestic currency, USD+ACI-,DT.DOD.DSTC.CD.DC.US,Millions (0),3916,4158,4128,4097,4262,
Romania,ROU,+ACI-Gross Ext. Debt Pos., All Sectors, Long+AC0-term, All instruments, Domestic currency, USD+ACI-,DT.DOD.DLXF.CD.DC.US,Millions (0),9464,10622,10904,10740,11308,
Romania,ROU,+ACI-Gross Ext. Debt Pos., All Sectors, All maturities, All instruments, Unallocated, USD+ACI-,DT.DOD.DECT.CD.UC.US,Millions (0),,,,,,
Romania,ROU,+ACI-Gross Ext. Debt Pos., All Sectors, All maturities, All instruments, All currencies, USD+ACI-,DT.DOD.DECT.CD.DT.US,Millions (0),99935,107825,110434,112107,118115,
Russian Federation,RUS,+ACI-Gross Ext. Debt Pos., All Sectors, All maturities, All instruments, Foreign currency, USD+ACI-,DT.DOD.DECT.CD.FC.US,Millions (0),399812,396411,392440,380043,381858,
Russian Federation,RUS,+ACI-Gross Ext. Debt Pos., All Sectors, Short+AC0-term, All instruments, Foreign currency, USD+ACI-,DT.DOD.DSTC.CD.FC.US,Millions (0),40896,40342,41152,35736,41703,
Russian Federation,RUS,+ACI-Gross Ext. Debt Pos., All Sectors, Long+AC0-term, All instruments, Foreign currency, USD+ACI-,DT.DOD.DLXF.CD.FC.US,Millions (0),358916,356069,351289,344306,340156,
Russian Federation,RUS,+ACI-Gross Ext. Debt Pos., All Sectors, All maturities, All instruments, Domestic currency, USD+ACI-,DT.DOD.DECT.CD.DC.US,Millions (0),121728,130616,137074,138061,138012,
Russian Federation,RUS,+ACI-Gross Ext. Debt Pos., All Sectors, Short+AC0-term, All instruments, Domestic currency, USD+ACI-,DT.DOD.DSTC.CD.DC.US,Millions (0),17414,24815,20201,20151,17748,
Russian Federation,RUS,+ACI-Gross Ext. Debt Pos., All Sectors, Long+AC0-term, All instruments, Domestic currency, USD+ACI-,DT.DOD.DLXF.CD.DC.US,Millions (0),104314,105801,116872,117910,120264,
Russian Federation,RUS,+ACI-Gross Ext. Debt Pos., All Sectors, All maturities, All instruments, Unallocated, USD+ACI-,DT.DOD.DECT.CD.UC.US,Millions (0),,,,,,
Russian Federation,RUS,+ACI-Gross Ext. Debt Pos., All Sectors, All maturities, All instruments, All currencies, USD+ACI-,DT.DOD.DECT.CD.DT.US,Millions (0),521540,527027,529514,518103,519871,
Slovak Republic,SVK,+ACI-Gross Ext. Debt Pos., All Sectors, All maturities, All instruments, Foreign currency, USD+ACI-,DT.DOD.DECT.CD.FC.US,Millions (0),3489,3545,3687,3666,3664,
Slovak Republic,SVK,+ACI-Gross Ext. Debt Pos., All Sectors, Short+AC0-term, All instruments, Foreign currency, USD+ACI-,DT.DOD.DSTC.CD.FC.US,Millions (0),0,0,0,0,0,
Slovak Republic,SVK,+ACI-Gross Ext. Debt Pos., All Sectors, Long+AC0-term, All instruments, Foreign currency, USD+ACI-,DT.DOD.DLXF.CD.FC.US,Millions (0),3489,3545,3687,3666,3664,
Slovak Republic,SVK,+ACI-Gross Ext. Debt Pos., All Sectors, All maturities, All instruments, Domestic currency, USD+ACI-,DT.DOD.DECT.CD.DC.US,Millions (0),21563,22390,23732,24340,25233,
Slovak Republic,SVK,+ACI-Gross Ext. Debt Pos., All Sectors, Short+AC0-term, All instruments, Domestic currency, USD+ACI-,DT.DOD.DSTC.CD.DC.US,Millions (0),811,866,895,0,0,
Slovak Republic,SVK,+ACI-Gross Ext. Debt Pos., All Sectors, Long+AC0-term, All instruments, Domestic currency, USD+ACI-,DT.DOD.DLXF.CD.DC.US,Millions (0),20751,21524,22838,24340,25233,
Slovak Republic,SVK,+ACI-Gross Ext. Debt Pos., All Sectors, All maturities, All instruments, Unallocated, USD+ACI-,DT.DOD.DECT.CD.UC.US,Millions (0),58217,63982,68956,84907,89538,
Slovak Republic,SVK,+ACI-Gross Ext. Debt Pos., All Sectors, All maturities, All instruments, All currencies, USD+ACI-,DT.DOD.DECT.CD.DT.US,Millions (0),83268,89917,96376,112913,118435,
South Africa,ZAF,+ACI-Gross Ext. Debt Pos., All Sectors, All maturities, All instruments, Foreign currency, USD+ACI-,DT.DOD.DECT.CD.FC.US,Millions (0),74309,73009,76541,75918,75943,
South Africa,ZAF,+ACI-Gross Ext. Debt Pos., All Sectors, Short+AC0-term, All instruments, Foreign currency, USD+ACI-,DT.DOD.DSTC.CD.FC.US,Millions (0),26278,24396,26017,23044,23327,
South Africa,ZAF,+ACI-Gross Ext. Debt Pos., All Sectors, Long+AC0-term, All instruments, Foreign currency, USD+ACI-,DT.DOD.DLXF.CD.FC.US,Millions (0),48031,48613,50524,52874,52616,
South Africa,ZAF,+ACI-Gross Ext. Debt Pos., All Sectors, All maturities, All instruments, Domestic currency, USD+ACI-,DT.DOD.DECT.CD.DC.US,Millions (0),77819,85524,86770,97368,107296,
South Africa,ZAF,+ACI-Gross Ext. Debt Pos., All Sectors, Short+AC0-term, All instruments, Domestic currency, USD+ACI-,DT.DOD.DSTC.CD.DC.US,Millions (0),13791,14639,16301,17842,19035,
South Africa,ZAF,+ACI-Gross Ext. Debt Pos., All Sectors, Long+AC0-term, All instruments, Domestic currency, USD+ACI-,DT.DOD.DLXF.CD.DC.US,Millions (0),64028,70885,70469,79526,88261,
South Africa,ZAF,+ACI-Gross Ext. Debt Pos., All Sectors, All maturities, All instruments, Unallocated, USD+ACI-,DT.DOD.DECT.CD.UC.US,Millions (0),,,,,,
South Africa,ZAF,+ACI-Gross Ext. Debt Pos., All Sectors, All maturities, All instruments, All currencies, USD+ACI-,DT.DOD.DECT.CD.DT.US,Millions (0),152128,158533,163311,173286,183239,
Sri Lanka,LKA,+ACI-Gross Ext. Debt Pos., All Sectors, All maturities, All instruments, Foreign currency, USD+ACI-,DT.DOD.DECT.CD.FC.US,Millions (0),45192,47665,47911,49957,50272,
Sri Lanka,LKA,+ACI-Gross Ext. Debt Pos., All Sectors, Short+AC0-term, All instruments, Foreign currency, USD+ACI-,DT.DOD.DSTC.CD.FC.US,Millions (0),7380,7627,6568,7526,7314,
Sri Lanka,LKA,+ACI-Gross Ext. Debt Pos., All Sectors, Long+AC0-term, All instruments, Foreign currency, USD+ACI-,DT.DOD.DLXF.CD.FC.US,Millions (0),37812,40038,41342,42431,42958,
Sri Lanka,LKA,+ACI-Gross Ext. Debt Pos., All Sectors, All maturities, All instruments, Domestic currency, USD+ACI-,DT.DOD.DECT.CD.DC.US,Millions (0),1134,1216,1680,1867,1818,
Sri Lanka,LKA,+ACI-Gross Ext. Debt Pos., All Sectors, Short+AC0-term, All instruments, Domestic currency, USD+ACI-,DT.DOD.DSTC.CD.DC.US,Millions (0),78,129,125,167,160,
Sri Lanka,LKA,+ACI-Gross Ext. Debt Pos., All Sectors, Long+AC0-term, All instruments, Domestic currency, USD+ACI-,DT.DOD.DLXF.CD.DC.US,Millions (0),1056,1087,1555,1700,1659,
Sri Lanka,LKA,+ACI-Gross Ext. Debt Pos., All Sectors, All maturities, All instruments, Unallocated, USD+ACI-,DT.DOD.DECT.CD.UC.US,Millions (0),,,,,,
Sri Lanka,LKA,+ACI-Gross Ext. Debt Pos., All Sectors, All maturities, All instruments, All currencies, USD+ACI-,DT.DOD.DECT.CD.DT.US,Millions (0),46326,48881,49591,51824,52090,
Switzerland,CHE,+ACI-Gross Ext. Debt Pos., All Sectors, All maturities, All instruments, Foreign currency, USD+ACI-,DT.DOD.DECT.CD.FC.US,Millions (0),1188439,1249976,1263096,1266753,1334829,
Switzerland,CHE,+ACI-Gross Ext. Debt Pos., All Sectors, Short+AC0-term, All instruments, Foreign currency, USD+ACI-,DT.DOD.DSTC.CD.FC.US,Millions (0),743356,769854,777213,765429,802774,
Switzerland,CHE,+ACI-Gross Ext. Debt Pos., All Sectors, Long+AC0-term, All instruments, Foreign currency, USD+ACI-,DT.DOD.DLXF.CD.FC.US,Millions (0),445083,480122,485883,501324,532055,
Switzerland,CHE,+ACI-Gross Ext. Debt Pos., All Sectors, All maturities, All instruments, Domestic currency, USD+ACI-,DT.DOD.DECT.CD.DC.US,Millions (0),539083,579314,566487,575535,584963,
Switzerland,CHE,+ACI-Gross Ext. Debt Pos., All Sectors, Short+AC0-term, All instruments, Domestic currency, USD+ACI-,DT.DOD.DSTC.CD.DC.US,Millions (0),273450,290144,286068,296734,297465,
Switzerland,CHE,+ACI-Gross Ext. Debt Pos., All Sectors, Long+AC0-term, All instruments, Domestic currency, USD+ACI-,DT.DOD.DLXF.CD.DC.US,Millions (0),265633,289169,280419,278801,287498,
Switzerland,CHE,+ACI-Gross Ext. Debt Pos., All Sectors, All maturities, All instruments, Unallocated, USD+ACI-,DT.DOD.DECT.CD.UC.US,Millions (0),,,,,,
Switzerland,CHE,+ACI-Gross Ext. Debt Pos., All Sectors, All maturities, All instruments, All currencies, USD+ACI-,DT.DOD.DECT.CD.DT.US,Millions (0),1727521,1829290,1829583,1842288,1919792,
Thailand,THA,+ACI-Gross Ext. Debt Pos., All Sectors, All maturities, All instruments, Foreign currency, USD+ACI-,DT.DOD.DECT.CD.FC.US,Millions (0),94376,96511,99856,99970,99132,
Thailand,THA,+ACI-Gross Ext. Debt Pos., All Sectors, Short+AC0-term, All instruments, Foreign currency, USD+ACI-,DT.DOD.DSTC.CD.FC.US,Millions (0),45216,45504,49072,49474,47664,
Thailand,THA,+ACI-Gross Ext. Debt Pos., All Sectors, Long+AC0-term, All instruments, Foreign currency, USD+ACI-,DT.DOD.DLXF.CD.FC.US,Millions (0),49160,51006,50784,50497,51468,
Thailand,THA,+ACI-Gross Ext. Debt Pos., All Sectors, All maturities, All instruments, Domestic currency, USD+ACI-,DT.DOD.DECT.CD.DC.US,Millions (0),41777,43767,48240,49459,53601,
Thailand,THA,+ACI-Gross Ext. Debt Pos., All Sectors, Short+AC0-term, All instruments, Domestic currency, USD+ACI-,DT.DOD.DSTC.CD.DC.US,Millions (0),9935,9816,11522,13465,15201,
Thailand,THA,+ACI-Gross Ext. Debt Pos., All Sectors, Long+AC0-term, All instruments, Domestic currency, USD+ACI-,DT.DOD.DLXF.CD.DC.US,Millions (0),31842,33951,36718,35994,38400,
Thailand,THA,+ACI-Gross Ext. Debt Pos., All Sectors, All maturities, All instruments, Unallocated, USD+ACI-,DT.DOD.DECT.CD.UC.US,Millions (0),,,,,,
Thailand,THA,+ACI-Gross Ext. Debt Pos., All Sectors, All maturities, All instruments, All currencies, USD+ACI-,DT.DOD.DECT.CD.DT.US,Millions (0),136152,140278,148096,149430,152733,
Turkey,TUR,+ACI-Gross Ext. Debt Pos., All Sectors, All maturities, All instruments, Foreign currency, USD+ACI-,DT.DOD.DECT.CD.FC.US,Millions (0),391500,411773,417907,426303,437705,
Turkey,TUR,+ACI-Gross Ext. Debt Pos., All Sectors, Short+AC0-term, All instruments, Foreign currency, USD+ACI-,DT.DOD.DSTC.CD.FC.US,Millions (0),90002,95645,98228,101062,103946,
Turkey,TUR,+ACI-Gross Ext. Debt Pos., All Sectors, Long+AC0-term, All instruments, Foreign currency, USD+ACI-,DT.DOD.DLXF.CD.FC.US,Millions (0),301498,316128,319679,325241,333759,
Turkey,TUR,+ACI-Gross Ext. Debt Pos., All Sectors, All maturities, All instruments, Domestic currency, USD+ACI-,DT.DOD.DECT.CD.DC.US,Millions (0),26194,28031,27017,27981,28952,
Turkey,TUR,+ACI-Gross Ext. Debt Pos., All Sectors, Short+AC0-term, All instruments, Domestic currency, USD+ACI-,DT.DOD.DSTC.CD.DC.US,Millions (0),16759,18005,16706,16792,18302,
Turkey,TUR,+ACI-Gross Ext. Debt Pos., All Sectors, Long+AC0-term, All instruments, Domestic currency, USD+ACI-,DT.DOD.DLXF.CD.DC.US,Millions (0),9435,10026,10311,11189,10650,
Turkey,TUR,+ACI-Gross Ext. Debt Pos., All Sectors, All maturities, All instruments, Unallocated, USD+ACI-,DT.DOD.DECT.CD.UC.US,Millions (0),0,0,0,0,0,
Turkey,TUR,+ACI-Gross Ext. Debt Pos., All Sectors, All maturities, All instruments, All currencies, USD+ACI-,DT.DOD.DECT.CD.DT.US,Millions (0),417695,439804,444924,454284,466657,
Ukraine,UKR,+ACI-Gross Ext. Debt Pos., All Sectors, All maturities, All instruments, Foreign currency, USD+ACI-,DT.DOD.DECT.CD.FC.US,Millions (0),112810,113918,116191,115337,114545,
Ukraine,UKR,+ACI-Gross Ext. Debt Pos., All Sectors, Short+AC0-term, All instruments, Foreign currency, USD+ACI-,DT.DOD.DSTC.CD.FC.US,Millions (0),16019,15359,16609,16693,16647,
Ukraine,UKR,+ACI-Gross Ext. Debt Pos., All Sectors, Long+AC0-term, All instruments, Foreign currency, USD+ACI-,DT.DOD.DLXF.CD.FC.US,Millions (0),96792,98559,99582,98644,97899,
Ukraine,UKR,+ACI-Gross Ext. Debt Pos., All Sectors, All maturities, All instruments, Domestic currency, USD+ACI-,DT.DOD.DECT.CD.DC.US,Millions (0),975,1067,1158,1241,1745,
Ukraine,UKR,+ACI-Gross Ext. Debt Pos., All Sectors, Short+AC0-term, All instruments, Domestic currency, USD+ACI-,DT.DOD.DSTC.CD.DC.US,Millions (0),395,484,470,440,634,
Ukraine,UKR,+ACI-Gross Ext. Debt Pos., All Sectors, Long+AC0-term, All instruments, Domestic currency, USD+ACI-,DT.DOD.DLXF.CD.DC.US,Millions (0),579,583,688,801,1110,
Ukraine,UKR,+ACI-Gross Ext. Debt Pos., All Sectors, All maturities, All instruments, Unallocated, USD+ACI-,DT.DOD.DECT.CD.UC.US,Millions (0),,,,,,
Ukraine,UKR,+ACI-Gross Ext. Debt Pos., All Sectors, All maturities, All instruments, All currencies, USD+ACI-,DT.DOD.DECT.CD.DT.US,Millions (0),113785,114985,117349,116578,116290,
United States,USA,+ACI-Gross Ext. Debt Pos., All Sectors, All maturities, All instruments, Foreign currency, USD+ACI-,DT.DOD.DECT.CD.FC.US,Millions (0),1056205,1114194,1128622,1156922,1311740,
United States,USA,+ACI-Gross Ext. Debt Pos., All Sectors, Short+AC0-term, All instruments, Foreign currency, USD+ACI-,DT.DOD.DSTC.CD.FC.US,Millions (0),268229,298659,298604,327269,363403,
United States,USA,+ACI-Gross Ext. Debt Pos., All Sectors, Long+AC0-term, All instruments, Foreign currency, USD+ACI-,DT.DOD.DLXF.CD.FC.US,Millions (0),787976,815535,830018,829653,948337,
United States,USA,+ACI-Gross Ext. Debt Pos., All Sectors, All maturities, All instruments, Domestic currency, USD+ACI-,DT.DOD.DECT.CD.DC.US,Millions (0),15316877,15587393,15874699,15928385,15943646,
United States,USA,+ACI-Gross Ext. Debt Pos., All Sectors, Short+AC0-term, All instruments, Domestic currency, USD+ACI-,DT.DOD.DSTC.CD.DC.US,Millions (0),4975630,5033800,5114211,5139380,5211808,
United States,USA,+ACI-Gross Ext. Debt Pos., All Sectors, Long+AC0-term, All instruments, Domestic currency, USD+ACI-,DT.DOD.DLXF.CD.DC.US,Millions (0),10341247,10553593,10760488,10789005,10731838,
United States,USA,+ACI-Gross Ext. Debt Pos., All Sectors, All maturities, All instruments, Unallocated, USD+ACI-,DT.DOD.DECT.CD.UC.US,Millions (0),1913428,1922380,1938151,1933996,1925468,
United States,USA,+ACI-Gross Ext. Debt Pos., All Sectors, All maturities, All instruments, All currencies, USD+ACI-,DT.DOD.DECT.CD.DT.US,Millions (0),18286510,18623967,18941472,19019303,19180854,
Uruguay,URY,+ACI-Gross Ext. Debt Pos., All Sectors, All maturities, All instruments, Foreign currency, USD+ACI-,DT.DOD.DECT.CD.FC.US,Millions (0),35935,35145,34730,34698,34570,
Uruguay,URY,+ACI-Gross Ext. Debt Pos., All Sectors, Short+AC0-term, All instruments, Foreign currency, USD+ACI-,DT.DOD.DSTC.CD.FC.US,Millions (0),6355,5736,5496,5176,5201,
Uruguay,URY,+ACI-Gross Ext. Debt Pos., All Sectors, Long+AC0-term, All instruments, Foreign currency, USD+ACI-,DT.DOD.DLXF.CD.FC.US,Millions (0),29581,29409,29235,29522,29369,
Uruguay,URY,+ACI-Gross Ext. Debt Pos., All Sectors, All maturities, All instruments, Domestic currency, USD+ACI-,DT.DOD.DECT.CD.DC.US,Millions (0),1818,2744,3741,3992,4156,
Uruguay,URY,+ACI-Gross Ext. Debt Pos., All Sectors, Short+AC0-term, All instruments, Domestic currency, USD+ACI-,DT.DOD.DSTC.CD.DC.US,Millions (0),141,295,334,465,445,
Uruguay,URY,+ACI-Gross Ext. Debt Pos., All Sectors, Long+AC0-term, All instruments, Domestic currency, USD+ACI-,DT.DOD.DLXF.CD.DC.US,Millions (0),1677,2449,3407,3527,3711,
Uruguay,URY,+ACI-Gross Ext. Debt Pos., All Sectors, All maturities, All instruments, Unallocated, USD+ACI-,DT.DOD.DECT.CD.UC.US,Millions (0),,,,,,
Uruguay,URY,+ACI-Gross Ext. Debt Pos., All Sectors, All maturities, All instruments, All currencies, USD+ACI-,DT.DOD.DECT.CD.DT.US,Millions (0),37754,37890,38472,38690,38726,
West Bank and Gaza,PSE,+ACI-Gross Ext. Debt Pos., All Sectors, All maturities, All instruments, Foreign currency, USD+ACI-,DT.DOD.DECT.CD.FC.US,Millions (0),1904,1839,1805,1552,1642,
West Bank and Gaza,PSE,+ACI-Gross Ext. Debt Pos., All Sectors, Short+AC0-term, All instruments, Foreign currency, USD+ACI-,DT.DOD.DSTC.CD.FC.US,Millions (0),,,,,,
West Bank and Gaza,PSE,+ACI-Gross Ext. Debt Pos., All Sectors, Long+AC0-term, All instruments, Foreign currency, USD+ACI-,DT.DOD.DLXF.CD.FC.US,Millions (0),1904,1839,1805,1552,1642,
West Bank and Gaza,PSE,+ACI-Gross Ext. Debt Pos., All Sectors, All maturities, All instruments, Domestic currency, USD+ACI-,DT.DOD.DECT.CD.DC.US,Millions (0),0,0,0,0,0,
West Bank and Gaza,PSE,+ACI-Gross Ext. Debt Pos., All Sectors, Short+AC0-term, All instruments, Domestic currency, USD+ACI-,DT.DOD.DSTC.CD.DC.US,Millions (0),,,,,,
West Bank and Gaza,PSE,+ACI-Gross Ext. Debt Pos., All Sectors, Long+AC0-term, All instruments, Domestic currency, USD+ACI-,DT.DOD.DLXF.CD.DC.US,Millions (0),,,,,,
West Bank and Gaza,PSE,+ACI-Gross Ext. Debt Pos., All Sectors, All maturities, All instruments, Unallocated, USD+ACI-,DT.DOD.DECT.CD.UC.US,Millions (0),,,,,,
West Bank and Gaza,PSE,+ACI-Gross Ext. Debt Pos., All Sectors, All maturities, All instruments, All currencies, USD+ACI-,DT.DOD.DECT.CD.DT.US,Millions (0),1904,1839,1805,1552,1642,
,,,,,,,,,,,,,,,
,,,,,,,,,,,,,,,
,,,,,,,,,,,,,,,
Data from database: Quarterly External Debt Statistics SDDS,,,,,,,,,,,,,,,
Last Updated: 07/31/2018,,,,,,,,,,,,,,,
